{"max_rougeL": 0.26582278481012656, "mean_rougeL": 0.10627577173022715, "rougeL_ci_lo": 0.09569131447240779, "rougeL_ci_hi": 0.11721332165830552, "max_rougeL_recall": 0.2727272727272727, "mean_rougeL_recall": 0.11060186751965884, "rougeL_recall_ci_lo": 0.09943083687495353, "rougeL_recall_ci_hi": 0.12194717469815439, "max_rouge1": 0.3057324840764331, "mean_rouge1": 0.1302266073491936, "rouge1_ci_lo": 0.1171113792516966, "rouge1_ci_hi": 0.1435809917026273, "max_rouge1_recall": 0.3076923076923077, "mean_rouge1_recall": 0.1355107520238999, "rouge1_recall_ci_lo": 0.12186782831699551, "rouge1_recall_ci_hi": 0.14946313700382308}