{"max_rougeL": 0.4, "mean_rougeL": 0.01560939060939061, "rougeL_ci_lo": 0.004675324675324676, "rougeL_ci_hi": 0.029557992007992005, "max_rougeL_recall": 0.5, "mean_rougeL_recall": 0.01714102564102564, "rougeL_recall_ci_lo": 0.0047692307692307695, "rougeL_recall_ci_hi": 0.033500641025641015, "max_rouge1": 0.4, "mean_rouge1": 0.01560939060939061, "rouge1_ci_lo": 0.004675324675324676, "rouge1_ci_hi": 0.02975064935064933, "max_rouge1_recall": 0.5, "mean_rouge1_recall": 0.01714102564102564, "rouge1_recall_ci_lo": 0.0041025641025641026, "rouge1_recall_ci_hi": 0.03330769230769231}