{"max_rougeL": 0.5, "mean_rougeL": 0.037480519480519475, "rougeL_ci_lo": 0.016140909090909098, "rougeL_ci_hi": 0.06239415584415579, "max_rougeL_recall": 0.5, "mean_rougeL_recall": 0.03649732620320856, "rougeL_recall_ci_lo": 0.015909090909090907, "rougeL_recall_ci_hi": 0.06060071301247753, "max_rouge1": 0.5, "mean_rouge1": 0.037480519480519475, "rouge1_ci_lo": 0.01648051948051948, "rouge1_ci_hi": 0.06205194805194805, "max_rouge1_recall": 0.5, "mean_rouge1_recall": 0.03649732620320856, "rouge1_recall_ci_lo": 0.015909090909090907, "rouge1_recall_ci_hi": 0.06058823529411764}