name,verbmem_f,privleak,knowmem_f,knowmem_r
smollm_ga,10.627577173022715,22.862970517337327,3.7480519480519474,1.560939060939061
