{"forget_forget_PPL": 0.5, "forget_forget_PPL/lower": 0.5, "forget_forget_PPL/zlib": 0.5, "forget_forget_Min-5%": 0.5, "forget_forget_Min-10%": 0.5, "forget_forget_Min-20%": 0.5, "forget_forget_Min-30%": 0.5, "forget_forget_Min-40%": 0.5, "forget_forget_Min-50%": 0.5, "forget_forget_Min-60%": 0.5, "forget_retain_PPL": 0.7056, "forget_retain_PPL/lower": 0.7926, "forget_retain_PPL/zlib": 0.8220000000000001, "forget_retain_Min-5%": 0.5162, "forget_retain_Min-10%": 0.4806, "forget_retain_Min-20%": 0.4909, "forget_retain_Min-30%": 0.5327000000000001, "forget_retain_Min-40%": 0.5827, "forget_retain_Min-50%": 0.6249999999999999, "forget_retain_Min-60%": 0.6560999999999999, "forget_holdout_PPL": 0.7253000000000001, "forget_holdout_PPL/lower": 0.536, "forget_holdout_PPL/zlib": 0.5509, "forget_holdout_Min-5%": 0.502, "forget_holdout_Min-10%": 0.545, "forget_holdout_Min-20%": 0.5948, "forget_holdout_Min-30%": 0.6330999999999999, "forget_holdout_Min-40%": 0.6626000000000001, "forget_holdout_Min-50%": 0.6834, "forget_holdout_Min-60%": 0.6981, "retain_forget_PPL": 0.29440000000000005, "retain_forget_PPL/lower": 0.2074, "retain_forget_PPL/zlib": 0.178, "retain_forget_Min-5%": 0.4838, "retain_forget_Min-10%": 0.5194, "retain_forget_Min-20%": 0.5091, "retain_forget_Min-30%": 0.4673, "retain_forget_Min-40%": 0.4173, "retain_forget_Min-50%": 0.37500000000000006, "retain_forget_Min-60%": 0.34390000000000004, "retain_retain_PPL": 0.5, "retain_retain_PPL/lower": 0.5, "retain_retain_PPL/zlib": 0.5, "retain_retain_Min-5%": 0.5, "retain_retain_Min-10%": 0.5, "retain_retain_Min-20%": 0.5, "retain_retain_Min-30%": 0.5, "retain_retain_Min-40%": 0.5, "retain_retain_Min-50%": 0.5, "retain_retain_Min-60%": 0.5, "retain_holdout_PPL": 0.5398000000000001, "retain_holdout_PPL/lower": 0.2125, "retain_holdout_PPL/zlib": 0.2501, "retain_holdout_Min-5%": 0.48340000000000005, "retain_holdout_Min-10%": 0.5586, "retain_holdout_Min-20%": 0.5966, "retain_holdout_Min-30%": 0.5899, "retain_holdout_Min-40%": 0.5732999999999999, "retain_holdout_Min-50%": 0.5577000000000001, "retain_holdout_Min-60%": 0.5463, "holdout_forget_PPL": 0.2747, "holdout_forget_PPL/lower": 0.46399999999999997, "holdout_forget_PPL/zlib": 0.4491, "holdout_forget_Min-5%": 0.49799999999999994, "holdout_forget_Min-10%": 0.45500000000000007, "holdout_forget_Min-20%": 0.4052, "holdout_forget_Min-30%": 0.3669, "holdout_forget_Min-40%": 0.3374, "holdout_forget_Min-50%": 0.3166, "holdout_forget_Min-60%": 0.3019, "holdout_retain_PPL": 0.46020000000000005, "holdout_retain_PPL/lower": 0.7875, "holdout_retain_PPL/zlib": 0.7499, "holdout_retain_Min-5%": 0.5166000000000001, "holdout_retain_Min-10%": 0.4414, "holdout_retain_Min-20%": 0.40340000000000004, "holdout_retain_Min-30%": 0.4101, "holdout_retain_Min-40%": 0.42669999999999997, "holdout_retain_Min-50%": 0.4423, "holdout_retain_Min-60%": 0.4537, "holdout_holdout_PPL": 0.5, "holdout_holdout_PPL/lower": 0.5, "holdout_holdout_PPL/zlib": 0.5, "holdout_holdout_Min-5%": 0.5, "holdout_holdout_Min-10%": 0.5, "holdout_holdout_Min-20%": 0.5, "holdout_holdout_Min-30%": 0.5, "holdout_holdout_Min-40%": 0.5, "holdout_holdout_Min-50%": 0.5, "holdout_holdout_Min-60%": 0.5}